{
    "+jvmArgs": [
        "-Djava.util.Arrays.useLegacyMergeSort=true"
    ],
    "+traits": [
        "legacyLaunch",
        "legacyServices",
        "no-texturepacks"
    ],
    "appletClass": "net.minecraft.client.MinecraftApplet",
    "assetIndex": {
        "id": "pre-1.6",
        "sha1": "3d8e55480977e32acd9844e545177e69a52f594b",
        "size": 74091,
        "totalSize": 49505710,
        "url": "https://piston-meta.mojang.com/v1/packages/3d8e55480977e32acd9844e545177e69a52f594b/pre-1.6.json"
    },
    "compatibleJavaMajors": [
        8
    ],
    "formatVersion": 1,
    "mainClass": "net.minecraft.client.d",
    "mainJar": {
        "downloads": {
            "artifact": {
                "sha1": "38958105bfe0f7064b3c4996905cb6978d4d4b0b",
                "size": 390818,
                "url": "https://archive.org/download/Minecraft-JE-Indev/in-20100105/in-20100105.jar"
            }
        },
        "name": "com.mojang:minecraft:in-20100105:client"
    },
    "minecraftArguments": "${auth_player_name} ${auth_session} --gameDir ${game_directory} --assetsDir ${game_assets} --tweakClass net.minecraft.launchwrapper.AlphaVanillaTweaker",
    "name": "Minecraft",
    "releaseTime": "2010-06-16T00:00:00+02:00",
    "requires": [
        {
            "suggests": "2.9.4-nightly-20150209",
            "uid": "org.lwjgl"
        }
    ],
    "type": "old_alpha",
    "uid": "net.minecraft",
    "version": "in-20100105"
}
